RegionName,fips,date,zhvi,tier
Collin County,48085,2000-01-31,189235.99845491812,mid
Collin County,48085,2000-02-29,188719.9432127542,mid
Collin County,48085,2000-03-31,188578.0488506311,mid
Collin County,48085,2000-04-30,188297.1948395356,mid
Collin County,48085,2000-05-31,188349.75013389424,mid
Collin County,48085,2000-06-30,188352.67094031037,mid
Collin County,48085,2000-07-31,188433.3607122893,mid
Collin County,48085,2000-08-31,188713.36981792512,mid
Collin County,48085,2000-09-30,189077.30087449387,mid
Collin County,48085,2000-10-31,189454.94890072657,mid
Collin County,48085,2000-11-30,189667.57326631743,mid
Collin County,48085,2000-12-31,189860.808018463,mid
Collin County,48085,2001-01-31,189755.16903011987,mid
Collin County,48085,2001-02-28,189645.69162695055,mid
Collin County,48085,2001-03-31,189320.4746093005,mid
Collin County,48085,2001-04-30,189255.46021475524,mid
Collin County,48085,2001-05-31,189193.76423907388,mid
Collin County,48085,2001-06-30,189148.1243975655,mid
Collin County,48085,2001-07-31,189074.43038044055,mid
Collin County,48085,2001-08-31,189085.15094193543,mid
Collin County,48085,2001-09-30,189350.82842182115,mid
Collin County,48085,2001-10-31,189573.39713691396,mid
Collin County,48085,2001-11-30,189571.53512767472,mid
Collin County,48085,2001-12-31,189366.2109478735,mid
Collin County,48085,2002-01-31,189057.4755132139,mid
Collin County,48085,2002-02-28,189030.4796542575,mid
Collin County,48085,2002-03-31,189154.66376335383,mid
Collin County,48085,2002-04-30,189515.65457692757,mid
Collin County,48085,2002-05-31,189910.4873168619,mid
Collin County,48085,2002-06-30,190432.83974359048,mid
Collin County,48085,2002-07-31,191037.93836365044,mid
Collin County,48085,2002-08-31,191891.06239143843,mid
Collin County,48085,2002-09-30,192610.51419487616,mid
Collin County,48085,2002-10-31,193213.97034080245,mid
Collin County,48085,2002-11-30,193528.00229082743,mid
Collin County,48085,2002-12-31,193784.8541716904,mid
Collin County,48085,2003-01-31,193730.20572938165,mid
Collin County,48085,2003-02-28,193572.73298953252,mid
Collin County,48085,2003-03-31,193480.87772581223,mid
Collin County,48085,2003-04-30,193625.55135332627,mid
Collin County,48085,2003-05-31,193690.16191963156,mid
Collin County,48085,2003-06-30,193801.3220126856,mid
Collin County,48085,2003-07-31,193922.37537791,mid
Collin County,48085,2003-08-31,194134.04684137335,mid
Collin County,48085,2003-09-30,194241.7031000623,mid
Collin County,48085,2003-10-31,194279.7747613653,mid
Collin County,48085,2003-11-30,194270.6373384424,mid
Collin County,48085,2003-12-31,194295.8092073266,mid
Collin County,48085,2004-01-31,194308.39164194255,mid
Collin County,48085,2004-02-29,195111.1061668728,mid
Collin County,48085,2004-03-31,196667.92183059352,mid
Collin County,48085,2004-04-30,198902.9547385344,mid
Collin County,48085,2004-05-31,200507.0522466922,mid
Collin County,48085,2004-06-30,201398.27827264057,mid
Collin County,48085,2004-07-31,201680.03283819836,mid
Collin County,48085,2004-08-31,202031.6298790544,mid
Collin County,48085,2004-09-30,202620.86895569775,mid
Collin County,48085,2004-10-31,203360.8163188706,mid
Collin County,48085,2004-11-30,203360.0955904096,mid
Collin County,48085,2004-12-31,203494.01735883948,mid
Collin County,48085,2005-01-31,203579.3970969847,mid
Collin County,48085,2005-02-28,204132.13737572095,mid
Collin County,48085,2005-03-31,204381.13943933765,mid
Collin County,48085,2005-04-30,204487.3124092784,mid
Collin County,48085,2005-05-31,204746.03939004196,mid
Collin County,48085,2005-06-30,205066.65766354615,mid
Collin County,48085,2005-07-31,205719.9233306589,mid
Collin County,48085,2005-08-31,206201.0393515729,mid
Collin County,48085,2005-09-30,206629.94010203716,mid
Collin County,48085,2005-10-31,206759.92131220832,mid
Collin County,48085,2005-11-30,207135.03825239508,mid
Collin County,48085,2005-12-31,207344.4780167697,mid
Collin County,48085,2006-01-31,207258.09664053563,mid
Collin County,48085,2006-02-28,206953.50865668737,mid
Collin County,48085,2006-03-31,206921.75262660565,mid
Collin County,48085,2006-04-30,207524.6338799465,mid
Collin County,48085,2006-05-31,208640.0453234838,mid
Collin County,48085,2006-06-30,209569.56137175337,mid
Collin County,48085,2006-07-31,210201.71112176697,mid
Collin County,48085,2006-08-31,210690.41883590183,mid
Collin County,48085,2006-09-30,211297.4801015708,mid
Collin County,48085,2006-10-31,212121.65880120065,mid
Collin County,48085,2006-11-30,212850.85204188785,mid
Collin County,48085,2006-12-31,213298.03234869783,mid
Collin County,48085,2007-01-31,212991.62509133425,mid
Collin County,48085,2007-02-28,212089.9240100387,mid
Collin County,48085,2007-03-31,211210.36717556743,mid
Collin County,48085,2007-04-30,211206.15786738627,mid
Collin County,48085,2007-05-31,211805.5931621891,mid
Collin County,48085,2007-06-30,212791.3930842892,mid
Collin County,48085,2007-07-31,213550.3175579408,mid
Collin County,48085,2007-08-31,214242.3308675737,mid
Collin County,48085,2007-09-30,214743.0515151132,mid
Collin County,48085,2007-10-31,215163.78207377484,mid
Collin County,48085,2007-11-30,215674.46817924167,mid
Collin County,48085,2007-12-31,216170.8069844536,mid
Collin County,48085,2008-01-31,215519.1869928024,mid
Collin County,48085,2008-02-29,214177.46682845,mid
Collin County,48085,2008-03-31,212568.49979773644,mid
Collin County,48085,2008-04-30,211861.8645874722,mid
Collin County,48085,2008-05-31,211481.0486479811,mid
Collin County,48085,2008-06-30,211112.70858237197,mid
Collin County,48085,2008-07-31,210729.641655541,mid
Collin County,48085,2008-08-31,210005.611038614,mid
Collin County,48085,2008-09-30,209277.69409180657,mid
Collin County,48085,2008-10-31,208586.8884611455,mid
Collin County,48085,2008-11-30,208359.37588457123,mid
Collin County,48085,2008-12-31,208175.961650057,mid
Collin County,48085,2009-01-31,208157.6420699776,mid
Collin County,48085,2009-02-28,207951.69973165655,mid
Collin County,48085,2009-03-31,207943.41562699372,mid
Collin County,48085,2009-04-30,207694.0627238725,mid
Collin County,48085,2009-05-31,207431.42421130103,mid
Collin County,48085,2009-06-30,207026.88123114628,mid
Collin County,48085,2009-07-31,207084.42121816045,mid
Collin County,48085,2009-08-31,206810.83233595255,mid
Collin County,48085,2009-09-30,206526.7819501448,mid
Collin County,48085,2009-10-31,205775.39831687295,mid
Collin County,48085,2009-11-30,205929.91611234503,mid
Collin County,48085,2009-12-31,206398.84545651395,mid
Collin County,48085,2010-01-31,207144.48235205573,mid
Collin County,48085,2010-02-28,207599.1105602317,mid
Collin County,48085,2010-03-31,208114.28267117697,mid
Collin County,48085,2010-04-30,208827.9204849137,mid
Collin County,48085,2010-05-31,209323.95219221665,mid
Collin County,48085,2010-06-30,209316.96269737845,mid
Collin County,48085,2010-07-31,208589.6901040304,mid
Collin County,48085,2010-08-31,207321.8547355107,mid
Collin County,48085,2010-09-30,205773.0878941581,mid
Collin County,48085,2010-10-31,204340.66777672188,mid
Collin County,48085,2010-11-30,203170.2486077161,mid
Collin County,48085,2010-12-31,202668.9868344257,mid
Collin County,48085,2011-01-31,202686.89917259105,mid
Collin County,48085,2011-02-28,202871.85333159976,mid
Collin County,48085,2011-03-31,202572.5309310415,mid
Collin County,48085,2011-04-30,201745.23751286187,mid
Collin County,48085,2011-05-31,201170.58211283223,mid
Collin County,48085,2011-06-30,200830.86440502535,mid
Collin County,48085,2011-07-31,201039.5842740888,mid
Collin County,48085,2011-08-31,201159.4104886014,mid
Collin County,48085,2011-09-30,201446.0844316909,mid
Collin County,48085,2011-10-31,201597.5293956534,mid
Collin County,48085,2011-11-30,201661.75039462975,mid
Collin County,48085,2011-12-31,201285.08805313005,mid
Collin County,48085,2012-01-31,201141.25828881757,mid
Collin County,48085,2012-02-29,201534.97459810917,mid
Collin County,48085,2012-03-31,202659.04877336524,mid
Collin County,48085,2012-04-30,203761.6073622772,mid
Collin County,48085,2012-05-31,204718.86493744585,mid
Collin County,48085,2012-06-30,205731.7735010942,mid
Collin County,48085,2012-07-31,206569.20638172852,mid
Collin County,48085,2012-08-31,207427.18597218665,mid
Collin County,48085,2012-09-30,208215.2873446714,mid
Collin County,48085,2012-10-31,209183.63853083595,mid
Collin County,48085,2012-11-30,210386.6519549977,mid
Collin County,48085,2012-12-31,211473.0992337133,mid
Collin County,48085,2013-01-31,213037.2256085472,mid
Collin County,48085,2013-02-28,214604.07806968255,mid
Collin County,48085,2013-03-31,216374.7089349931,mid
Collin County,48085,2013-04-30,217848.7915700731,mid
Collin County,48085,2013-05-31,219511.10703009437,mid
Collin County,48085,2013-06-30,221657.52426461547,mid
Collin County,48085,2013-07-31,223739.8079603171,mid
Collin County,48085,2013-08-31,225665.9284732725,mid
Collin County,48085,2013-09-30,227404.71275146725,mid
Collin County,48085,2013-10-31,229378.5327062015,mid
Collin County,48085,2013-11-30,231326.92215710063,mid
Collin County,48085,2013-12-31,233088.0111166452,mid
Collin County,48085,2014-01-31,235023.29236811865,mid
Collin County,48085,2014-02-28,237037.34353623507,mid
Collin County,48085,2014-03-31,239215.79421385043,mid
Collin County,48085,2014-04-30,241157.98543625732,mid
Collin County,48085,2014-05-31,243265.33570655072,mid
Collin County,48085,2014-06-30,245400.29006964664,mid
Collin County,48085,2014-07-31,247711.09212191537,mid
Collin County,48085,2014-08-31,249922.68210536687,mid
Collin County,48085,2014-09-30,252011.94917893384,mid
Collin County,48085,2014-10-31,253829.25808152088,mid
Collin County,48085,2014-11-30,255761.55130394408,mid
Collin County,48085,2014-12-31,257798.2384371428,mid
Collin County,48085,2015-01-31,260442.2113389572,mid
Collin County,48085,2015-02-28,263562.916370223,mid
Collin County,48085,2015-03-31,266851.9942902738,mid
Collin County,48085,2015-04-30,269811.9266010947,mid
Collin County,48085,2015-05-31,272716.7950962114,mid
Collin County,48085,2015-06-30,275539.89562587976,mid
Collin County,48085,2015-07-31,278325.58089252585,mid
Collin County,48085,2015-08-31,280801.51775801874,mid
Collin County,48085,2015-09-30,283194.41684566176,mid
Collin County,48085,2015-10-31,285542.87458544713,mid
Collin County,48085,2015-11-30,287681.33615015657,mid
Collin County,48085,2015-12-31,289633.141841654,mid
Collin County,48085,2016-01-31,291702.01848473604,mid
Collin County,48085,2016-02-29,293886.7663076211,mid
Collin County,48085,2016-03-31,296055.75928602926,mid
Collin County,48085,2016-04-30,298330.8521453996,mid
Collin County,48085,2016-05-31,300660.20193837147,mid
Collin County,48085,2016-06-30,302992.33895449847,mid
Collin County,48085,2016-07-31,304798.1761968424,mid
Collin County,48085,2016-08-31,306111.3113706016,mid
Collin County,48085,2016-09-30,307297.7706599229,mid
Collin County,48085,2016-10-31,308749.2271751144,mid
Collin County,48085,2016-11-30,310671.8774301344,mid
Collin County,48085,2016-12-31,312744.9419040307,mid
Collin County,48085,2017-01-31,314801.0863737259,mid
Collin County,48085,2017-02-28,316675.2816001441,mid
Collin County,48085,2017-03-31,318624.1536465222,mid
Collin County,48085,2017-04-30,320829.27176781796,mid
Collin County,48085,2017-05-31,322800.8354792807,mid
Collin County,48085,2017-06-30,324603.2664665653,mid
Collin County,48085,2017-07-31,325712.771746681,mid
Collin County,48085,2017-08-31,326721.37685973407,mid
Collin County,48085,2017-09-30,327575.74438417476,mid
Collin County,48085,2017-10-31,328564.2498940854,mid
Collin County,48085,2017-11-30,329690.1083010263,mid
Collin County,48085,2017-12-31,330962.0458658373,mid
Collin County,48085,2018-01-31,332056.7005424765,mid
Collin County,48085,2018-02-28,332791.8727211861,mid
Collin County,48085,2018-03-31,333294.89634701674,mid
Collin County,48085,2018-04-30,333746.9490965278,mid
Collin County,48085,2018-05-31,334213.56358958833,mid
Collin County,48085,2018-06-30,334334.11891012755,mid
Collin County,48085,2018-07-31,334666.21483331494,mid
Collin County,48085,2018-08-31,334922.7726043034,mid
Collin County,48085,2018-09-30,335249.52358065295,mid
Collin County,48085,2018-10-31,335109.0421028541,mid
Collin County,48085,2018-11-30,334903.05200792727,mid
Collin County,48085,2018-12-31,334900.4589178801,mid
Collin County,48085,2019-01-31,335148.5100556869,mid
Collin County,48085,2019-02-28,335607.8667789321,mid
Collin County,48085,2019-03-31,335851.040317297,mid
Collin County,48085,2019-04-30,335682.84082927956,mid
Collin County,48085,2019-05-31,335028.193474065,mid
Collin County,48085,2019-06-30,334282.4667445069,mid
Collin County,48085,2019-07-31,333547.3186992682,mid
Collin County,48085,2019-08-31,333050.93730248546,mid
Collin County,48085,2019-09-30,332775.8841561746,mid
Collin County,48085,2019-10-31,332984.80735255644,mid
Collin County,48085,2019-11-30,333664.41658776806,mid
Collin County,48085,2019-12-31,334732.96331074607,mid
Collin County,48085,2020-01-31,336392.55288939195,mid
Collin County,48085,2020-02-29,338222.36148629297,mid
Collin County,48085,2020-03-31,339870.97380224086,mid
Collin County,48085,2020-04-30,340589.5199308182,mid
Collin County,48085,2020-05-31,340335.29405210004,mid
Collin County,48085,2020-06-30,339939.6412771854,mid
Collin County,48085,2020-07-31,340132.2116844926,mid
Collin County,48085,2020-08-31,341570.76535320055,mid
Collin County,48085,2020-09-30,344327.4391573709,mid
Collin County,48085,2020-10-31,348179.8286390093,mid
Collin County,48085,2020-11-30,352664.43823152734,mid
Collin County,48085,2020-12-31,357323.4266108522,mid
Collin County,48085,2021-01-31,362153.8994169875,mid
Collin County,48085,2021-02-28,367568.8336333496,mid
Collin County,48085,2021-03-31,373968.3467317053,mid
Collin County,48085,2021-04-30,381896.4224932001,mid
Collin County,48085,2021-05-31,391742.1094473207,mid
Collin County,48085,2021-06-30,402170.4291308792,mid
Collin County,48085,2021-07-31,411519.3635988632,mid
Collin County,48085,2021-08-31,418791.85692572064,mid
Collin County,48085,2021-09-30,424515.7278647074,mid
Collin County,48085,2021-10-31,430350.69702035486,mid
Collin County,48085,2021-11-30,437078.8623253398,mid
Collin County,48085,2021-12-31,444864.8963806118,mid
Collin County,48085,2022-01-31,456064.9489230911,mid
Collin County,48085,2022-02-28,470026.6502024038,mid
Collin County,48085,2022-03-31,485640.3927405839,mid
Collin County,48085,2022-04-30,501689.6000311817,mid
Collin County,48085,2022-05-31,516129.21565708256,mid
Collin County,48085,2022-06-30,528206.1781101772,mid
Collin County,48085,2022-07-31,532552.1078536444,mid
Collin County,48085,2022-08-31,530459.2011983629,mid
Collin County,48085,2022-09-30,524509.7268732479,mid
Collin County,48085,2022-10-31,519275.6312123418,mid
Collin County,48085,2022-11-30,515259.9568600301,mid
Collin County,48085,2022-12-31,512336.0997820329,mid
Collin County,48085,2023-01-31,509663.8711094743,mid
Collin County,48085,2023-02-28,507609.1984276143,mid
Collin County,48085,2023-03-31,506566.5363081104,mid
Collin County,48085,2023-04-30,506959.66767642874,mid
Collin County,48085,2023-05-31,509602.9493851675,mid
Collin County,48085,2023-06-30,513202.7758197141,mid
Collin County,48085,2023-07-31,516622.66881667846,mid
Collin County,48085,2023-08-31,518971.1836243358,mid
Collin County,48085,2023-09-30,520429.50148544327,mid
Collin County,48085,2023-10-31,520891.56386810663,mid
Collin County,48085,2023-11-30,521043.4711679194,mid
Collin County,48085,2023-12-31,520585.3614257155,mid
Collin County,48085,2024-01-31,520939.4408308717,mid
Collin County,48085,2024-02-29,522214.4130846225,mid
Collin County,48085,2024-03-31,524727.926648927,mid
Collin County,48085,2024-04-30,527532.4141463524,mid
Collin County,48085,2024-05-31,528458.8336085497,mid
Collin County,48085,2024-06-30,527644.5226376645,mid
Collin County,48085,2024-07-31,525688.2039771201,mid
Collin County,48085,2024-08-31,523948.8680279598,mid
Collin County,48085,2024-09-30,523120.7425300264,mid
Collin County,48085,2024-10-31,522757.0635985448,mid
Collin County,48085,2024-11-30,522623.6513481434,mid
Collin County,48085,2024-12-31,521792.16883097496,mid
Collin County,48085,2025-01-31,520544.817051741,mid
Collin County,48085,2025-02-28,518883.5957742843,mid
Collin County,48085,2025-03-31,516615.4985637853,mid
Collin County,48085,2025-04-30,513879.8673327516,mid
Collin County,48085,2025-05-31,510302.2645606648,mid
Collin County,48085,2025-06-30,506154.0139875198,mid
Collin County,48085,2025-07-31,502139.3420121194,mid
Collin County,48085,2025-08-31,499399.94583529024,mid
Collin County,48085,2025-09-30,498128.9646104384,mid
Collin County,48085,2025-10-31,496977.55965881346,mid
Collin County,48085,2025-11-30,495306.7411708296,mid
Collin County,48085,2025-12-31,493420.7225947973,mid
Collin County,48085,2026-01-31,491079.4623903444,mid
Collin County,48085,2026-02-28,488661.2977999868,mid
Collin County,48085,2026-03-31,485016.5939586886,mid
Denton County,48121,2000-01-31,168070.23255020916,mid
Denton County,48121,2000-02-29,168405.58013544566,mid
Denton County,48121,2000-03-31,168660.53496878993,mid
Denton County,48121,2000-04-30,169133.00155364987,mid
Denton County,48121,2000-05-31,169430.49285216365,mid
Denton County,48121,2000-06-30,169247.54682389603,mid
Denton County,48121,2000-07-31,168910.19881712235,mid
Denton County,48121,2000-08-31,168744.06471789256,mid
Denton County,48121,2000-09-30,169105.64920692574,mid
Denton County,48121,2000-10-31,169736.92873706363,mid
Denton County,48121,2000-11-30,170263.39614407034,mid
Denton County,48121,2000-12-31,170726.9565197445,mid
Denton County,48121,2001-01-31,171000.82291227023,mid
Denton County,48121,2001-02-28,171097.42898934695,mid
Denton County,48121,2001-03-31,171045.07603382875,mid
Denton County,48121,2001-04-30,170957.2037282602,mid
Denton County,48121,2001-05-31,170888.53330992762,mid
Denton County,48121,2001-06-30,170830.04894630288,mid
Denton County,48121,2001-07-31,170772.87422321248,mid
Denton County,48121,2001-08-31,170764.78910393667,mid
Denton County,48121,2001-09-30,170794.50532216195,mid
Denton County,48121,2001-10-31,170779.12536740777,mid
Denton County,48121,2001-11-30,170729.95368340085,mid
Denton County,48121,2001-12-31,170647.91830241188,mid
Denton County,48121,2002-01-31,170777.90745953066,mid
Denton County,48121,2002-02-28,171124.47591155535,mid
Denton County,48121,2002-03-31,171385.73887107012,mid
Denton County,48121,2002-04-30,171840.77758444275,mid
Denton County,48121,2002-05-31,171922.13004113443,mid
Denton County,48121,2002-06-30,172494.11164936863,mid
Denton County,48121,2002-07-31,173013.84292508374,mid
Denton County,48121,2002-08-31,173845.46964259513,mid
Denton County,48121,2002-09-30,174363.186368312,mid
Denton County,48121,2002-10-31,174678.25613679664,mid
Denton County,48121,2002-11-30,174981.46661145156,mid
Denton County,48121,2002-12-31,175310.42047989173,mid
Denton County,48121,2003-01-31,175641.77147883215,mid
Denton County,48121,2003-02-28,175892.0554769146,mid
Denton County,48121,2003-03-31,175990.38491894372,mid
Denton County,48121,2003-04-30,176140.24845201513,mid
Denton County,48121,2003-05-31,176280.6450146445,mid
Denton County,48121,2003-06-30,176615.12419572673,mid
Denton County,48121,2003-07-31,176778.14697735326,mid
Denton County,48121,2003-08-31,177032.0902275337,mid
Denton County,48121,2003-09-30,177382.6714169978,mid
Denton County,48121,2003-10-31,177712.1993091424,mid
Denton County,48121,2003-11-30,177934.3126050156,mid
Denton County,48121,2003-12-31,177892.95448821934,mid
Denton County,48121,2004-01-31,178271.08317823242,mid
Denton County,48121,2004-02-29,178918.26473477646,mid
Denton County,48121,2004-03-31,180025.03560242662,mid
Denton County,48121,2004-04-30,180852.57443958995,mid
Denton County,48121,2004-05-31,181723.757450386,mid
Denton County,48121,2004-06-30,182449.3623471324,mid
Denton County,48121,2004-07-31,183155.446602384,mid
Denton County,48121,2004-08-31,183669.6198670332,mid
Denton County,48121,2004-09-30,184028.2120299323,mid
Denton County,48121,2004-10-31,184398.8066787651,mid
Denton County,48121,2004-11-30,184678.1650045742,mid
Denton County,48121,2004-12-31,184789.8726683651,mid
Denton County,48121,2005-01-31,184890.16121849316,mid
Denton County,48121,2005-02-28,185018.81646959053,mid
Denton County,48121,2005-03-31,185185.09152117927,mid
Denton County,48121,2005-04-30,185324.480622104,mid
Denton County,48121,2005-05-31,185483.53712920655,mid
Denton County,48121,2005-06-30,185743.4594586913,mid
Denton County,48121,2005-07-31,186079.48367821923,mid
Denton County,48121,2005-08-31,186498.84361683088,mid
Denton County,48121,2005-09-30,186886.5016263051,mid
Denton County,48121,2005-10-31,187386.68515357564,mid
Denton County,48121,2005-11-30,187812.38394956745,mid
Denton County,48121,2005-12-31,188268.2050090287,mid
Denton County,48121,2006-01-31,188491.31853414708,mid
Denton County,48121,2006-02-28,188654.2939855304,mid
Denton County,48121,2006-03-31,188858.0204520596,mid
Denton County,48121,2006-04-30,189182.8664089672,mid
Denton County,48121,2006-05-31,189668.51772386872,mid
Denton County,48121,2006-06-30,190200.0048295134,mid
Denton County,48121,2006-07-31,190803.1926027479,mid
Denton County,48121,2006-08-31,191583.386355476,mid
Denton County,48121,2006-09-30,192403.74844166776,mid
Denton County,48121,2006-10-31,193122.66760444516,mid
Denton County,48121,2006-11-30,193538.0275876444,mid
Denton County,48121,2006-12-31,193994.484336333,mid
Denton County,48121,2007-01-31,194306.13148200815,mid
Denton County,48121,2007-02-28,194461.22525889528,mid
Denton County,48121,2007-03-31,194482.7394989136,mid
Denton County,48121,2007-04-30,194532.3935307817,mid
Denton County,48121,2007-05-31,194769.5206607316,mid
Denton County,48121,2007-06-30,195070.22062908972,mid
Denton County,48121,2007-07-31,195661.3247090437,mid
Denton County,48121,2007-08-31,196353.65117523153,mid
Denton County,48121,2007-09-30,197207.46838418103,mid
Denton County,48121,2007-10-31,197883.82283246968,mid
Denton County,48121,2007-11-30,198554.5161290774,mid
Denton County,48121,2007-12-31,198917.17697275712,mid
Denton County,48121,2008-01-31,198902.9141904872,mid
Denton County,48121,2008-02-29,198550.60423112847,mid
Denton County,48121,2008-03-31,198070.06420881968,mid
Denton County,48121,2008-04-30,197739.92664348413,mid
Denton County,48121,2008-05-31,197494.7100776924,mid
Denton County,48121,2008-06-30,197130.46209579703,mid
Denton County,48121,2008-07-31,196783.3908019845,mid
Denton County,48121,2008-08-31,196383.34225354076,mid
Denton County,48121,2008-09-30,195972.2682120523,mid
Denton County,48121,2008-10-31,195498.059083312,mid
Denton County,48121,2008-11-30,195013.2909275161,mid
Denton County,48121,2008-12-31,194560.09375791455,mid
Denton County,48121,2009-01-31,194541.45955625773,mid
Denton County,48121,2009-02-28,194662.7602578767,mid
Denton County,48121,2009-03-31,195119.0076993586,mid
Denton County,48121,2009-04-30,195267.1634233671,mid
Denton County,48121,2009-05-31,195323.86594959823,mid
Denton County,48121,2009-06-30,194952.06405580803,mid
Denton County,48121,2009-07-31,194580.11110389224,mid
Denton County,48121,2009-08-31,194015.450871278,mid
Denton County,48121,2009-09-30,193503.0825196538,mid
Denton County,48121,2009-10-31,192948.91269473304,mid
Denton County,48121,2009-11-30,193868.04496179905,mid
Denton County,48121,2009-12-31,195203.8949400934,mid
Denton County,48121,2010-01-31,195899.37375885944,mid
Denton County,48121,2010-02-28,195423.98752345832,mid
Denton County,48121,2010-03-31,194960.58099022656,mid
Denton County,48121,2010-04-30,195386.16339942787,mid
Denton County,48121,2010-05-31,195910.01690085852,mid
Denton County,48121,2010-06-30,196066.90598332867,mid
Denton County,48121,2010-07-31,195584.87306775083,mid
Denton County,48121,2010-08-31,194636.97184488655,mid
Denton County,48121,2010-09-30,193680.0175013478,mid
Denton County,48121,2010-10-31,192865.15567794512,mid
Denton County,48121,2010-11-30,191607.9448824412,mid
Denton County,48121,2010-12-31,190337.6443383839,mid
Denton County,48121,2011-01-31,189168.97598671963,mid
Denton County,48121,2011-02-28,188769.11391270664,mid
Denton County,48121,2011-03-31,188506.89097940197,mid
Denton County,48121,2011-04-30,188430.43831300712,mid
Denton County,48121,2011-05-31,188502.11006114585,mid
Denton County,48121,2011-06-30,188671.71201016463,mid
Denton County,48121,2011-07-31,189113.0340976731,mid
Denton County,48121,2011-08-31,189088.74833969583,mid
Denton County,48121,2011-09-30,188723.0973934961,mid
Denton County,48121,2011-10-31,187835.2003171666,mid
Denton County,48121,2011-11-30,187185.0238872267,mid
Denton County,48121,2011-12-31,186878.5940142133,mid
Denton County,48121,2012-01-31,187154.1668990132,mid
Denton County,48121,2012-02-29,188033.15129944307,mid
Denton County,48121,2012-03-31,189298.69283133477,mid
Denton County,48121,2012-04-30,190718.93808524736,mid
Denton County,48121,2012-05-31,191870.23538148348,mid
Denton County,48121,2012-06-30,192974.6443277899,mid
Denton County,48121,2012-07-31,193644.22378044005,mid
Denton County,48121,2012-08-31,194268.12199289305,mid
Denton County,48121,2012-09-30,194948.1079911434,mid
Denton County,48121,2012-10-31,196117.62999136743,mid
Denton County,48121,2012-11-30,197401.39634709308,mid
Denton County,48121,2012-12-31,198502.8615536705,mid
Denton County,48121,2013-01-31,199700.97590882497,mid
Denton County,48121,2013-02-28,201080.444433232,mid
Denton County,48121,2013-03-31,202649.35199241832,mid
Denton County,48121,2013-04-30,204211.16870304063,mid
Denton County,48121,2013-05-31,206046.31821413504,mid
Denton County,48121,2013-06-30,208314.902750917,mid
Denton County,48121,2013-07-31,210341.959121365,mid
Denton County,48121,2013-08-31,211870.54395263817,mid
Denton County,48121,2013-09-30,213094.23576134877,mid
Denton County,48121,2013-10-31,214658.35404840935,mid
Denton County,48121,2013-11-30,216201.8130307037,mid
Denton County,48121,2013-12-31,217509.55786899303,mid
Denton County,48121,2014-01-31,218629.02666607848,mid
Denton County,48121,2014-02-28,219882.6123386272,mid
Denton County,48121,2014-03-31,221317.90616944805,mid
Denton County,48121,2014-04-30,222789.46284374475,mid
Denton County,48121,2014-05-31,224434.94799574208,mid
Denton County,48121,2014-06-30,226059.3556378359,mid
Denton County,48121,2014-07-31,227567.97402601127,mid
Denton County,48121,2014-08-31,229062.1709219865,mid
Denton County,48121,2014-09-30,230705.7017669337,mid
Denton County,48121,2014-10-31,232418.9030074724,mid
Denton County,48121,2014-11-30,234029.40615971503,mid
Denton County,48121,2014-12-31,235521.96973954784,mid
Denton County,48121,2015-01-31,237183.5154613502,mid
Denton County,48121,2015-02-28,239244.2195239759,mid
Denton County,48121,2015-03-31,241518.33775346063,mid
Denton County,48121,2015-04-30,243803.22063203916,mid
Denton County,48121,2015-05-31,246206.6523811427,mid
Denton County,48121,2015-06-30,248689.78763103817,mid
Denton County,48121,2015-07-31,251102.747092115,mid
Denton County,48121,2015-08-31,253340.65214432063,mid
Denton County,48121,2015-09-30,255532.58466515384,mid
Denton County,48121,2015-10-31,257919.49756611488,mid
Denton County,48121,2015-11-30,259996.7477987264,mid
Denton County,48121,2015-12-31,261768.7740261581,mid
Denton County,48121,2016-01-31,263690.2169525773,mid
Denton County,48121,2016-02-29,266012.3187987328,mid
Denton County,48121,2016-03-31,268413.80109030573,mid
Denton County,48121,2016-04-30,270756.3053198977,mid
Denton County,48121,2016-05-31,272946.1378081785,mid
Denton County,48121,2016-06-30,275074.85258865566,mid
Denton County,48121,2016-07-31,276624.44691315497,mid
Denton County,48121,2016-08-31,277747.25062915165,mid
Denton County,48121,2016-09-30,278765.757368474,mid
Denton County,48121,2016-10-31,280237.3929269645,mid
Denton County,48121,2016-11-30,281996.58213876374,mid
Denton County,48121,2016-12-31,283884.77129213454,mid
Denton County,48121,2017-01-31,285648.0342274867,mid
Denton County,48121,2017-02-28,287574.2489612598,mid
Denton County,48121,2017-03-31,289581.4458873859,mid
Denton County,48121,2017-04-30,291817.424350779,mid
Denton County,48121,2017-05-31,293691.4507991219,mid
Denton County,48121,2017-06-30,295346.7407441267,mid
Denton County,48121,2017-07-31,296315.927849391,mid
Denton County,48121,2017-08-31,297316.0927106849,mid
Denton County,48121,2017-09-30,298435.34896676475,mid
Denton County,48121,2017-10-31,300012.22802111506,mid
Denton County,48121,2017-11-30,301587.94947168225,mid
Denton County,48121,2017-12-31,303267.5537586336,mid
Denton County,48121,2018-01-31,304931.3880017993,mid
Denton County,48121,2018-02-28,306521.3274429808,mid
Denton County,48121,2018-03-31,308010.33805316314,mid
Denton County,48121,2018-04-30,309157.80320453126,mid
Denton County,48121,2018-05-31,310156.53449171706,mid
Denton County,48121,2018-06-30,310641.8360596327,mid
Denton County,48121,2018-07-31,311314.2907067351,mid
Denton County,48121,2018-08-31,311784.25768942153,mid
Denton County,48121,2018-09-30,312320.0954599033,mid
Denton County,48121,2018-10-31,312491.36463608703,mid
Denton County,48121,2018-11-30,312752.3519490095,mid
Denton County,48121,2018-12-31,313178.17697135237,mid
Denton County,48121,2019-01-31,313745.40390063846,mid
Denton County,48121,2019-02-28,314307.32092842873,mid
Denton County,48121,2019-03-31,314708.51252412476,mid
Denton County,48121,2019-04-30,314627.265211095,mid
Denton County,48121,2019-05-31,314203.4503237995,mid
Denton County,48121,2019-06-30,313561.7434686737,mid
Denton County,48121,2019-07-31,313079.5849891368,mid
Denton County,48121,2019-08-31,312928.58363160264,mid
Denton County,48121,2019-09-30,313147.8395226094,mid
Denton County,48121,2019-10-31,313867.11809862684,mid
Denton County,48121,2019-11-30,314944.50812639255,mid
Denton County,48121,2019-12-31,316279.4806292045,mid
Denton County,48121,2020-01-31,317809.48141691834,mid
Denton County,48121,2020-02-29,319359.2131064692,mid
Denton County,48121,2020-03-31,320832.6965405315,mid
Denton County,48121,2020-04-30,321638.1257288181,mid
Denton County,48121,2020-05-31,321702.0179048071,mid
Denton County,48121,2020-06-30,321543.7778466959,mid
Denton County,48121,2020-07-31,321951.22769333934,mid
Denton County,48121,2020-08-31,323498.83036486595,mid
Denton County,48121,2020-09-30,326328.9433453924,mid
Denton County,48121,2020-10-31,329874.44352223957,mid
Denton County,48121,2020-11-30,334054.61109556514,mid
Denton County,48121,2020-12-31,338218.0629135985,mid
Denton County,48121,2021-01-31,342742.23216457263,mid
Denton County,48121,2021-02-28,347587.9980193121,mid
Denton County,48121,2021-03-31,353237.18087724433,mid
Denton County,48121,2021-04-30,359880.4698407913,mid
Denton County,48121,2021-05-31,367920.998963222,mid
Denton County,48121,2021-06-30,376414.1878583228,mid
Denton County,48121,2021-07-31,384090.6025001286,mid
Denton County,48121,2021-08-31,390114.8717759271,mid
Denton County,48121,2021-09-30,394795.8754638548,mid
Denton County,48121,2021-10-31,399657.7104903499,mid
Denton County,48121,2021-11-30,405369.6208718242,mid
Denton County,48121,2021-12-31,412123.8548587008,mid
Denton County,48121,2022-01-31,421074.6990721558,mid
Denton County,48121,2022-02-28,432113.4420422544,mid
Denton County,48121,2022-03-31,444567.438933983,mid
Denton County,48121,2022-04-30,457589.0843571549,mid
Denton County,48121,2022-05-31,469559.8078407594,mid
Denton County,48121,2022-06-30,479653.18039867654,mid
Denton County,48121,2022-07-31,484633.8419459658,mid
Denton County,48121,2022-08-31,484444.4369826251,mid
Denton County,48121,2022-09-30,481102.57475983887,mid
Denton County,48121,2022-10-31,477462.7339038573,mid
Denton County,48121,2022-11-30,474518.85045154096,mid
Denton County,48121,2022-12-31,471970.5415230592,mid
Denton County,48121,2023-01-31,468398.2305707067,mid
Denton County,48121,2023-02-28,465417.3258074186,mid
Denton County,48121,2023-03-31,463265.5370703579,mid
Denton County,48121,2023-04-30,463457.75002594106,mid
Denton County,48121,2023-05-31,464678.4351321496,mid
Denton County,48121,2023-06-30,466509.6483429086,mid
Denton County,48121,2023-07-31,468118.83200074936,mid
Denton County,48121,2023-08-31,469642.27820909856,mid
Denton County,48121,2023-09-30,470369.02932973206,mid
Denton County,48121,2023-10-31,470404.6208954758,mid
Denton County,48121,2023-11-30,469995.9176797359,mid
Denton County,48121,2023-12-31,469504.61965089507,mid
Denton County,48121,2024-01-31,469541.44419656525,mid
Denton County,48121,2024-02-29,469993.31016462593,mid
Denton County,48121,2024-03-31,471263.57348325226,mid
Denton County,48121,2024-04-30,472494.0936557579,mid
Denton County,48121,2024-05-31,472740.8505471041,mid
Denton County,48121,2024-06-30,472099.7051394752,mid
Denton County,48121,2024-07-31,471112.5807608048,mid
Denton County,48121,2024-08-31,470776.63088793826,mid
Denton County,48121,2024-09-30,471143.76950648706,mid
Denton County,48121,2024-10-31,471722.88100008416,mid
Denton County,48121,2024-11-30,472022.3171683463,mid
Denton County,48121,2024-12-31,471606.7441109564,mid
Denton County,48121,2025-01-31,470929.9462172415,mid
Denton County,48121,2025-02-28,469604.7662286442,mid
Denton County,48121,2025-03-31,467483.3711139557,mid
Denton County,48121,2025-04-30,464485.9746804955,mid
Denton County,48121,2025-05-31,460991.358044653,mid
Denton County,48121,2025-06-30,457236.71931708977,mid
Denton County,48121,2025-07-31,453820.663457385,mid
Denton County,48121,2025-08-31,451382.2936471116,mid
Denton County,48121,2025-09-30,450171.9443811111,mid
Denton County,48121,2025-10-31,449743.6910083737,mid
Denton County,48121,2025-11-30,449268.6165116273,mid
Denton County,48121,2025-12-31,448691.84351932287,mid
Denton County,48121,2026-01-31,447550.7292077704,mid
Denton County,48121,2026-02-28,446147.73716818326,mid
Denton County,48121,2026-03-31,444319.1179056033,mid
Hays County,48209,2007-01-31,195699.31347597015,mid
Hays County,48209,2007-02-28,195683.9627866473,mid
Hays County,48209,2007-03-31,195730.89863031651,mid
Hays County,48209,2007-04-30,196046.68979270023,mid
Hays County,48209,2007-05-31,196439.9684530359,mid
Hays County,48209,2007-06-30,196842.70087288984,mid
Hays County,48209,2007-07-31,197262.47724565453,mid
Hays County,48209,2007-08-31,197688.22074876376,mid
Hays County,48209,2007-09-30,198234.4740031208,mid
Hays County,48209,2007-10-31,198740.7193661814,mid
Hays County,48209,2007-11-30,199394.92494200225,mid
Hays County,48209,2007-12-31,200305.5715156187,mid
Hays County,48209,2008-01-31,200922.95562142888,mid
Hays County,48209,2008-02-29,201213.5258758818,mid
Hays County,48209,2008-03-31,201203.5052259663,mid
Hays County,48209,2008-04-30,201491.52332984065,mid
Hays County,48209,2008-05-31,201755.61638279932,mid
Hays County,48209,2008-06-30,201801.99966524137,mid
Hays County,48209,2008-07-31,201458.18257387195,mid
Hays County,48209,2008-08-31,201085.72403997777,mid
Hays County,48209,2008-09-30,200857.31598915323,mid
Hays County,48209,2008-10-31,200496.7137801821,mid
Hays County,48209,2008-11-30,199977.19948681316,mid
Hays County,48209,2008-12-31,199143.8957634064,mid
Hays County,48209,2009-01-31,199150.5033967331,mid
Hays County,48209,2009-02-28,199365.65832997707,mid
Hays County,48209,2009-03-31,199803.9036188365,mid
Hays County,48209,2009-04-30,199826.1217961508,mid
Hays County,48209,2009-05-31,199766.7984945627,mid
Hays County,48209,2009-06-30,199714.93412106545,mid
Hays County,48209,2009-07-31,199793.43934639357,mid
Hays County,48209,2009-08-31,199804.38237194088,mid
Hays County,48209,2009-09-30,199811.06311021495,mid
Hays County,48209,2009-10-31,199600.8309904105,mid
Hays County,48209,2009-11-30,199491.8044882712,mid
Hays County,48209,2009-12-31,199638.44733277507,mid
Hays County,48209,2010-01-31,199141.31928642793,mid
Hays County,48209,2010-02-28,198638.13885848896,mid
Hays County,48209,2010-03-31,198156.2591362911,mid
Hays County,48209,2010-04-30,198417.35886576524,mid
Hays County,48209,2010-05-31,198821.54959219368,mid
Hays County,48209,2010-06-30,198845.95648662577,mid
Hays County,48209,2010-07-31,198591.2275746516,mid
Hays County,48209,2010-08-31,198232.72874362423,mid
Hays County,48209,2010-09-30,197705.33280958896,mid
Hays County,48209,2010-10-31,197077.98329848805,mid
Hays County,48209,2010-11-30,196285.84356333103,mid
Hays County,48209,2010-12-31,195287.85399229373,mid
Hays County,48209,2011-01-31,193730.44209006624,mid
Hays County,48209,2011-02-28,192292.70588064555,mid
Hays County,48209,2011-03-31,191435.44111662311,mid
Hays County,48209,2011-04-30,191144.47904879533,mid
Hays County,48209,2011-05-31,190944.53209177215,mid
Hays County,48209,2011-06-30,190815.38323388863,mid
Hays County,48209,2011-07-31,190704.91939408216,mid
Hays County,48209,2011-08-31,190621.1557177177,mid
Hays County,48209,2011-09-30,190449.81796185253,mid
Hays County,48209,2011-10-31,190485.2515577709,mid
Hays County,48209,2011-11-30,190392.4376729284,mid
Hays County,48209,2011-12-31,189859.7295103327,mid
Hays County,48209,2012-01-31,188925.21710899216,mid
Hays County,48209,2012-02-29,188052.54720088633,mid
Hays County,48209,2012-03-31,187622.92472635824,mid
Hays County,48209,2012-04-30,187787.54743990037,mid
Hays County,48209,2012-05-31,188452.08668421165,mid
Hays County,48209,2012-06-30,189309.67569110097,mid
Hays County,48209,2012-07-31,190185.2554306012,mid
Hays County,48209,2012-08-31,190971.74534600403,mid
Hays County,48209,2012-09-30,191169.2970681079,mid
Hays County,48209,2012-10-31,191200.27387439544,mid
Hays County,48209,2012-11-30,191255.41357719785,mid
Hays County,48209,2012-12-31,191773.9696691241,mid
Hays County,48209,2013-01-31,192539.36620618924,mid
Hays County,48209,2013-02-28,193160.93283166864,mid
Hays County,48209,2013-03-31,193898.52668522965,mid
Hays County,48209,2013-04-30,194798.30323065183,mid
Hays County,48209,2013-05-31,196011.8697632624,mid
Hays County,48209,2013-06-30,197421.16139377412,mid
Hays County,48209,2013-07-31,198400.4549690703,mid
Hays County,48209,2013-08-31,199361.09978245743,mid
Hays County,48209,2013-09-30,199897.69283584095,mid
Hays County,48209,2013-10-31,200741.28661876253,mid
Hays County,48209,2013-11-30,201469.55113034075,mid
Hays County,48209,2013-12-31,202652.2340529555,mid
Hays County,48209,2014-01-31,204304.39273531447,mid
Hays County,48209,2014-02-28,206017.67233081197,mid
Hays County,48209,2014-03-31,207806.47831357925,mid
Hays County,48209,2014-04-30,209355.90110873152,mid
Hays County,48209,2014-05-31,211532.36390032215,mid
Hays County,48209,2014-06-30,213818.06801627783,mid
Hays County,48209,2014-07-31,216140.05918356613,mid
Hays County,48209,2014-08-31,217878.70380535815,mid
Hays County,48209,2014-09-30,219109.845727258,mid
Hays County,48209,2014-10-31,220096.26138704075,mid
Hays County,48209,2014-11-30,221369.9810412811,mid
Hays County,48209,2014-12-31,223086.6583276072,mid
Hays County,48209,2015-01-31,225138.78469735067,mid
Hays County,48209,2015-02-28,227127.2598316573,mid
Hays County,48209,2015-03-31,229016.46222185576,mid
Hays County,48209,2015-04-30,230689.23518380945,mid
Hays County,48209,2015-05-31,232532.18498710849,mid
Hays County,48209,2015-06-30,234313.74627042084,mid
Hays County,48209,2015-07-31,236140.23965001584,mid
Hays County,48209,2015-08-31,237893.9633783799,mid
Hays County,48209,2015-09-30,239550.10993172912,mid
Hays County,48209,2015-10-31,241366.46100543928,mid
Hays County,48209,2015-11-30,243162.0637225995,mid
Hays County,48209,2015-12-31,245239.91682366547,mid
Hays County,48209,2016-01-31,247089.69133831433,mid
Hays County,48209,2016-02-29,248405.5520116871,mid
Hays County,48209,2016-03-31,249055.3765727641,mid
Hays County,48209,2016-04-30,249657.4538661219,mid
Hays County,48209,2016-05-31,250699.48572263785,mid
Hays County,48209,2016-06-30,252167.8221800337,mid
Hays County,48209,2016-07-31,253586.06245025303,mid
Hays County,48209,2016-08-31,254800.7524153356,mid
Hays County,48209,2016-09-30,255571.31466011272,mid
Hays County,48209,2016-10-31,256343.69090706855,mid
Hays County,48209,2016-11-30,257201.48777292843,mid
Hays County,48209,2016-12-31,258666.69142325167,mid
Hays County,48209,2017-01-31,260280.8321490127,mid
Hays County,48209,2017-02-28,261658.4082615697,mid
Hays County,48209,2017-03-31,262872.99653377064,mid
Hays County,48209,2017-04-30,264071.1094586738,mid
Hays County,48209,2017-05-31,265162.91508771834,mid
Hays County,48209,2017-06-30,266002.7547503553,mid
Hays County,48209,2017-07-31,266628.0776224859,mid
Hays County,48209,2017-08-31,267645.125744993,mid
Hays County,48209,2017-09-30,268752.07297271147,mid
Hays County,48209,2017-10-31,269867.17157507525,mid
Hays County,48209,2017-11-30,270666.9402292617,mid
Hays County,48209,2017-12-31,271621.36237424216,mid
Hays County,48209,2018-01-31,272478.3936353177,mid
Hays County,48209,2018-02-28,273033.2776342081,mid
Hays County,48209,2018-03-31,273504.97183593205,mid
Hays County,48209,2018-04-30,273890.71478084725,mid
Hays County,48209,2018-05-31,274369.5877556267,mid
Hays County,48209,2018-06-30,274815.3297119448,mid
Hays County,48209,2018-07-31,275496.9605952609,mid
Hays County,48209,2018-08-31,276109.0318368516,mid
Hays County,48209,2018-09-30,276322.1855827594,mid
Hays County,48209,2018-10-31,276111.1639948702,mid
Hays County,48209,2018-11-30,276128.5714389617,mid
Hays County,48209,2018-12-31,276686.6401601758,mid
Hays County,48209,2019-01-31,278117.5673867716,mid
Hays County,48209,2019-02-28,279746.8494933594,mid
Hays County,48209,2019-03-31,281451.4232908124,mid
Hays County,48209,2019-04-30,282301.16508909967,mid
Hays County,48209,2019-05-31,282834.9084948586,mid
Hays County,48209,2019-06-30,282886.3969357515,mid
Hays County,48209,2019-07-31,282884.0017491093,mid
Hays County,48209,2019-08-31,282810.9160972839,mid
Hays County,48209,2019-09-30,282909.97611242573,mid
Hays County,48209,2019-10-31,283405.3017705798,mid
Hays County,48209,2019-11-30,284354.1835586194,mid
Hays County,48209,2019-12-31,285790.64881873305,mid
Hays County,48209,2020-01-31,287446.82149882586,mid
Hays County,48209,2020-02-29,289115.8149461144,mid
Hays County,48209,2020-03-31,290637.1224943988,mid
Hays County,48209,2020-04-30,291792.7679730458,mid
Hays County,48209,2020-05-31,292294.58105105924,mid
Hays County,48209,2020-06-30,292907.8872680575,mid
Hays County,48209,2020-07-31,294369.3650413232,mid
Hays County,48209,2020-08-31,297076.37553569657,mid
Hays County,48209,2020-09-30,300994.5924334759,mid
Hays County,48209,2020-10-31,305592.7220462731,mid
Hays County,48209,2020-11-30,310652.1141473843,mid
Hays County,48209,2020-12-31,315613.5640256141,mid
Hays County,48209,2021-01-31,320590.4795260941,mid
Hays County,48209,2021-02-28,326794.6519508347,mid
Hays County,48209,2021-03-31,335498.4312226335,mid
Hays County,48209,2021-04-30,348308.016998362,mid
Hays County,48209,2021-05-31,364715.5261273354,mid
Hays County,48209,2021-06-30,382368.075302539,mid
Hays County,48209,2021-07-31,397095.88350455445,mid
Hays County,48209,2021-08-31,407199.6707096729,mid
Hays County,48209,2021-09-30,412832.010145495,mid
Hays County,48209,2021-10-31,416979.18899208127,mid
Hays County,48209,2021-11-30,421185.4736730407,mid
Hays County,48209,2021-12-31,426370.0596792512,mid
Hays County,48209,2022-01-31,434542.8592198611,mid
Hays County,48209,2022-02-28,444826.1676641453,mid
Hays County,48209,2022-03-31,457784.6322917451,mid
Hays County,48209,2022-04-30,470482.03407238424,mid
Hays County,48209,2022-05-31,481310.2418357884,mid
Hays County,48209,2022-06-30,488152.52400778135,mid
Hays County,48209,2022-07-31,488031.53624218615,mid
Hays County,48209,2022-08-31,482640.8815328893,mid
Hays County,48209,2022-09-30,473601.6571436979,mid
Hays County,48209,2022-10-31,465028.9970348195,mid
Hays County,48209,2022-11-30,457237.0803970343,mid
Hays County,48209,2022-12-31,449845.08914757986,mid
Hays County,48209,2023-01-31,442919.0574711449,mid
Hays County,48209,2023-02-28,436672.18197214656,mid
Hays County,48209,2023-03-31,432268.3154537802,mid
Hays County,48209,2023-04-30,429358.5400969574,mid
Hays County,48209,2023-05-31,428931.0570131308,mid
Hays County,48209,2023-06-30,429507.7872065392,mid
Hays County,48209,2023-07-31,429580.7578284891,mid
Hays County,48209,2023-08-31,427967.9146971519,mid
Hays County,48209,2023-09-30,425218.0593652897,mid
Hays County,48209,2023-10-31,422454.9058598965,mid
Hays County,48209,2023-11-30,419732.4049126476,mid
Hays County,48209,2023-12-31,416666.2568598823,mid
Hays County,48209,2024-01-31,414042.91187756654,mid
Hays County,48209,2024-02-29,412187.9773560075,mid
Hays County,48209,2024-03-31,411167.9390090392,mid
Hays County,48209,2024-04-30,410645.2646943712,mid
Hays County,48209,2024-05-31,409028.452914376,mid
Hays County,48209,2024-06-30,407087.9889111766,mid
Hays County,48209,2024-07-31,404324.939983814,mid
Hays County,48209,2024-08-31,401992.9890203995,mid
Hays County,48209,2024-09-30,400089.9152763025,mid
Hays County,48209,2024-10-31,398813.5213613917,mid
Hays County,48209,2024-11-30,397793.0094509111,mid
Hays County,48209,2024-12-31,396496.2404395224,mid
Hays County,48209,2025-01-31,394924.4711129417,mid
Hays County,48209,2025-02-28,393578.3740762884,mid
Hays County,48209,2025-03-31,391840.0374641793,mid
Hays County,48209,2025-04-30,389706.4146596672,mid
Hays County,48209,2025-05-31,386683.9752836437,mid
Hays County,48209,2025-06-30,383528.7681504651,mid
Hays County,48209,2025-07-31,380627.5386805527,mid
Hays County,48209,2025-08-31,378502.8347583875,mid
Hays County,48209,2025-09-30,377196.2609404445,mid
Hays County,48209,2025-10-31,376157.3683740573,mid
Hays County,48209,2025-11-30,375277.6258111751,mid
Hays County,48209,2025-12-31,374517.9062544803,mid
Hays County,48209,2026-01-31,373717.5632878919,mid
Hays County,48209,2026-02-28,372593.36464115576,mid
Hays County,48209,2026-03-31,370397.33018923824,mid
Travis County,48453,2000-01-31,193388.4774372706,mid
Travis County,48453,2000-02-29,194020.8583382896,mid
Travis County,48453,2000-03-31,194646.10036246292,mid
Travis County,48453,2000-04-30,195602.4046472321,mid
Travis County,48453,2000-05-31,196330.41381422765,mid
Travis County,48453,2000-06-30,196618.75557087897,mid
Travis County,48453,2000-07-31,196749.96707470747,mid
Travis County,48453,2000-08-31,197438.29841842307,mid
Travis County,48453,2000-09-30,198187.12535347545,mid
Travis County,48453,2000-10-31,199340.68299526465,mid
Travis County,48453,2000-11-30,200097.51182948705,mid
Travis County,48453,2000-12-31,200731.3032805615,mid
Travis County,48453,2001-01-31,200939.2558606686,mid
Travis County,48453,2001-02-28,200943.16885841117,mid
Travis County,48453,2001-03-31,201348.8812398086,mid
Travis County,48453,2001-04-30,202100.91039089105,mid
Travis County,48453,2001-05-31,202770.94073041403,mid
Travis County,48453,2001-06-30,203188.82467925176,mid
Travis County,48453,2001-07-31,203400.4544413259,mid
Travis County,48453,2001-08-31,203692.52638081,mid
Travis County,48453,2001-09-30,203758.44887093027,mid
Travis County,48453,2001-10-31,203747.470301409,mid
Travis County,48453,2001-11-30,203713.60721775496,mid
Travis County,48453,2001-12-31,203533.10523725304,mid
Travis County,48453,2002-01-31,203474.85220513423,mid
Travis County,48453,2002-02-28,203071.208089779,mid
Travis County,48453,2002-03-31,202918.83689353417,mid
Travis County,48453,2002-04-30,202697.9628832552,mid
Travis County,48453,2002-05-31,202549.78647748905,mid
Travis County,48453,2002-06-30,202268.36344803017,mid
Travis County,48453,2002-07-31,201882.55032127025,mid
Travis County,48453,2002-08-31,201663.28707552355,mid
Travis County,48453,2002-09-30,201718.3789240289,mid
Travis County,48453,2002-10-31,201708.36322004985,mid
Travis County,48453,2002-11-30,201624.9672547154,mid
Travis County,48453,2002-12-31,201186.6716249069,mid
Travis County,48453,2003-01-31,200839.51390365223,mid
Travis County,48453,2003-02-28,200729.75325900505,mid
Travis County,48453,2003-03-31,200991.51970484477,mid
Travis County,48453,2003-04-30,201249.40116895703,mid
Travis County,48453,2003-05-31,201347.9196207596,mid
Travis County,48453,2003-06-30,201233.0295242672,mid
Travis County,48453,2003-07-31,201449.0065425582,mid
Travis County,48453,2003-08-31,201673.25580859615,mid
Travis County,48453,2003-09-30,201781.7069744463,mid
Travis County,48453,2003-10-31,201556.02071134327,mid
Travis County,48453,2003-11-30,201297.5631701036,mid
Travis County,48453,2003-12-31,201121.78581901305,mid
Travis County,48453,2004-01-31,201094.08315249148,mid
Travis County,48453,2004-02-29,201560.2120055028,mid
Travis County,48453,2004-03-31,202310.58636302417,mid
Travis County,48453,2004-04-30,203100.2372769467,mid
Travis County,48453,2004-05-31,203540.13877432115,mid
Travis County,48453,2004-06-30,203867.5532167316,mid
Travis County,48453,2004-07-31,204363.9029572527,mid
Travis County,48453,2004-08-31,205194.76052198847,mid
Travis County,48453,2004-09-30,206343.4150250482,mid
Travis County,48453,2004-10-31,207349.65665879825,mid
Travis County,48453,2004-11-30,208145.83056645453,mid
Travis County,48453,2004-12-31,208694.20494482687,mid
Travis County,48453,2005-01-31,209004.1689115418,mid
Travis County,48453,2005-02-28,209126.3700242122,mid
Travis County,48453,2005-03-31,209192.57792301732,mid
Travis County,48453,2005-04-30,209539.6062906031,mid
Travis County,48453,2005-05-31,210040.60305671731,mid
Travis County,48453,2005-06-30,210810.66581279496,mid
Travis County,48453,2005-07-31,211611.59922778385,mid
Travis County,48453,2005-08-31,212276.539078195,mid
Travis County,48453,2005-09-30,212843.89385093437,mid
Travis County,48453,2005-10-31,213161.50427043656,mid
Travis County,48453,2005-11-30,213584.10141362427,mid
Travis County,48453,2005-12-31,214063.72149180796,mid
Travis County,48453,2006-01-31,214621.62547067995,mid
Travis County,48453,2006-02-28,214991.71217521257,mid
Travis County,48453,2006-03-31,214997.7538472301,mid
Travis County,48453,2006-04-30,215078.0582871606,mid
Travis County,48453,2006-05-31,215356.52524213525,mid
Travis County,48453,2006-06-30,216033.1004318672,mid
Travis County,48453,2006-07-31,216929.25071795844,mid
Travis County,48453,2006-08-31,218022.98597758485,mid
Travis County,48453,2006-09-30,219297.4605095679,mid
Travis County,48453,2006-10-31,220321.98365453017,mid
Travis County,48453,2006-11-30,221210.4669973643,mid
Travis County,48453,2006-12-31,221963.0975784484,mid
Travis County,48453,2007-01-31,222822.86753005337,mid
Travis County,48453,2007-02-28,223449.76938913832,mid
Travis County,48453,2007-03-31,223965.4041988989,mid
Travis County,48453,2007-04-30,224655.83817902955,mid
Travis County,48453,2007-05-31,225645.6989638747,mid
Travis County,48453,2007-06-30,226723.00842241116,mid
Travis County,48453,2007-07-31,227814.55491059672,mid
Travis County,48453,2007-08-31,228878.44452754463,mid
Travis County,48453,2007-09-30,229965.85780293835,mid
Travis County,48453,2007-10-31,231033.3683135721,mid
Travis County,48453,2007-11-30,232100.0198035737,mid
Travis County,48453,2007-12-31,233027.3011374322,mid
Travis County,48453,2008-01-31,233437.04905043423,mid
Travis County,48453,2008-02-29,233377.44142606508,mid
Travis County,48453,2008-03-31,233484.4251948075,mid
Travis County,48453,2008-04-30,233820.13506936657,mid
Travis County,48453,2008-05-31,234293.61366625177,mid
Travis County,48453,2008-06-30,234099.76805247957,mid
Travis County,48453,2008-07-31,233714.20864781365,mid
Travis County,48453,2008-08-31,233029.17725563585,mid
Travis County,48453,2008-09-30,232333.50165747464,mid
Travis County,48453,2008-10-31,231282.4095643497,mid
Travis County,48453,2008-11-30,229416.29962699628,mid
Travis County,48453,2008-12-31,227623.11388522628,mid
Travis County,48453,2009-01-31,226205.1889186157,mid
Travis County,48453,2009-02-28,225493.3150999065,mid
Travis County,48453,2009-03-31,224730.4362689758,mid
Travis County,48453,2009-04-30,223929.9255429083,mid
Travis County,48453,2009-05-31,223462.1931865519,mid
Travis County,48453,2009-06-30,223234.21787703736,mid
Travis County,48453,2009-07-31,222967.32624959748,mid
Travis County,48453,2009-08-31,222439.9879440156,mid
Travis County,48453,2009-09-30,221716.97084793617,mid
Travis County,48453,2009-10-31,221098.15744118812,mid
Travis County,48453,2009-11-30,221206.4258635256,mid
Travis County,48453,2009-12-31,221486.0727891568,mid
Travis County,48453,2010-01-31,221251.36422813192,mid
Travis County,48453,2010-02-28,220823.14426122897,mid
Travis County,48453,2010-03-31,220629.3852336524,mid
Travis County,48453,2010-04-30,220950.8835844229,mid
Travis County,48453,2010-05-31,221482.0346389582,mid
Travis County,48453,2010-06-30,221632.19387824065,mid
Travis County,48453,2010-07-31,221230.5810166446,mid
Travis County,48453,2010-08-31,220233.3442496972,mid
Travis County,48453,2010-09-30,219096.4410989641,mid
Travis County,48453,2010-10-31,218029.08279537223,mid
Travis County,48453,2010-11-30,216872.3043738693,mid
Travis County,48453,2010-12-31,215863.94945145608,mid
Travis County,48453,2011-01-31,215198.05744370355,mid
Travis County,48453,2011-02-28,214661.6605655773,mid
Travis County,48453,2011-03-31,214319.29789464505,mid
Travis County,48453,2011-04-30,214343.75573050824,mid
Travis County,48453,2011-05-31,214356.20303251524,mid
Travis County,48453,2011-06-30,214290.23098307676,mid
Travis County,48453,2011-07-31,213844.35139059144,mid
Travis County,48453,2011-08-31,213920.99992995325,mid
Travis County,48453,2011-09-30,214008.2533569488,mid
Travis County,48453,2011-10-31,213878.42587936096,mid
Travis County,48453,2011-11-30,213474.46845125037,mid
Travis County,48453,2011-12-31,213101.77843369017,mid
Travis County,48453,2012-01-31,213295.55097965055,mid
Travis County,48453,2012-02-29,213725.3772560442,mid
Travis County,48453,2012-03-31,214677.99631939048,mid
Travis County,48453,2012-04-30,215938.8400073991,mid
Travis County,48453,2012-05-31,217189.99256521452,mid
Travis County,48453,2012-06-30,218583.34632151976,mid
Travis County,48453,2012-07-31,220055.61698111903,mid
Travis County,48453,2012-08-31,221639.8929514834,mid
Travis County,48453,2012-09-30,223329.3474810591,mid
Travis County,48453,2012-10-31,225071.8703787212,mid
Travis County,48453,2012-11-30,227019.08682489104,mid
Travis County,48453,2012-12-31,228848.53597680884,mid
Travis County,48453,2013-01-31,230801.54681887713,mid
Travis County,48453,2013-02-28,232953.34712406155,mid
Travis County,48453,2013-03-31,235238.468087528,mid
Travis County,48453,2013-04-30,237632.9149893292,mid
Travis County,48453,2013-05-31,239966.09082325376,mid
Travis County,48453,2013-06-30,242827.03809792595,mid
Travis County,48453,2013-07-31,245746.83618359477,mid
Travis County,48453,2013-08-31,248647.35296541057,mid
Travis County,48453,2013-09-30,251265.27768271384,mid
Travis County,48453,2013-10-31,253727.8568931477,mid
Travis County,48453,2013-11-30,256045.05780027615,mid
Travis County,48453,2013-12-31,258127.225726777,mid
Travis County,48453,2014-01-31,260201.7297693886,mid
Travis County,48453,2014-02-28,262418.3896204042,mid
Travis County,48453,2014-03-31,264759.5512347229,mid
Travis County,48453,2014-04-30,267369.21426796884,mid
Travis County,48453,2014-05-31,270148.83832767274,mid
Travis County,48453,2014-06-30,272887.5921133996,mid
Travis County,48453,2014-07-31,275563.8291282551,mid
Travis County,48453,2014-08-31,277847.6425715661,mid
Travis County,48453,2014-09-30,280047.0881432257,mid
Travis County,48453,2014-10-31,282020.6717311926,mid
Travis County,48453,2014-11-30,284385.3977125548,mid
Travis County,48453,2014-12-31,286885.52809552616,mid
Travis County,48453,2015-01-31,289843.8661736657,mid
Travis County,48453,2015-02-28,292926.9341872473,mid
Travis County,48453,2015-03-31,296026.82384141657,mid
Travis County,48453,2015-04-30,298457.575384005,mid
Travis County,48453,2015-05-31,300496.463170952,mid
Travis County,48453,2015-06-30,302283.41161788715,mid
Travis County,48453,2015-07-31,304163.91470470966,mid
Travis County,48453,2015-08-31,305990.3344039268,mid
Travis County,48453,2015-09-30,307887.86396387225,mid
Travis County,48453,2015-10-31,309820.49108724116,mid
Travis County,48453,2015-11-30,311925.5774229153,mid
Travis County,48453,2015-12-31,314016.6027273739,mid
Travis County,48453,2016-01-31,316373.5629330537,mid
Travis County,48453,2016-02-29,318764.5339486136,mid
Travis County,48453,2016-03-31,320751.05764796375,mid
Travis County,48453,2016-04-30,322710.6433446786,mid
Travis County,48453,2016-05-31,324500.7245063957,mid
Travis County,48453,2016-06-30,326455.804900958,mid
Travis County,48453,2016-07-31,327770.6465418414,mid
Travis County,48453,2016-08-31,328312.94239661744,mid
Travis County,48453,2016-09-30,328614.9238655951,mid
Travis County,48453,2016-10-31,329275.4016373435,mid
Travis County,48453,2016-11-30,330927.0902875671,mid
Travis County,48453,2016-12-31,333071.7410566393,mid
Travis County,48453,2017-01-31,335145.9044494371,mid
Travis County,48453,2017-02-28,336958.23875506525,mid
Travis County,48453,2017-03-31,338540.1784059296,mid
Travis County,48453,2017-04-30,340314.37428884045,mid
Travis County,48453,2017-05-31,341438.46472894977,mid
Travis County,48453,2017-06-30,342062.66119461233,mid
Travis County,48453,2017-07-31,342114.2101186787,mid
Travis County,48453,2017-08-31,342305.6839867423,mid
Travis County,48453,2017-09-30,342771.2120646312,mid
Travis County,48453,2017-10-31,343724.881563785,mid
Travis County,48453,2017-11-30,345027.926551927,mid
Travis County,48453,2017-12-31,346684.87268436095,mid
Travis County,48453,2018-01-31,348147.86654457706,mid
Travis County,48453,2018-02-28,349268.68138825684,mid
Travis County,48453,2018-03-31,350525.19010975916,mid
Travis County,48453,2018-04-30,351497.8428524066,mid
Travis County,48453,2018-05-31,352764.84774173977,mid
Travis County,48453,2018-06-30,353701.7159805677,mid
Travis County,48453,2018-07-31,354895.6519498928,mid
Travis County,48453,2018-08-31,355864.353209051,mid
Travis County,48453,2018-09-30,356917.30668298807,mid
Travis County,48453,2018-10-31,358030.716843104,mid
Travis County,48453,2018-11-30,359440.6429614872,mid
Travis County,48453,2018-12-31,360800.041904598,mid
Travis County,48453,2019-01-31,361658.1648602723,mid
Travis County,48453,2019-02-28,362211.1683208507,mid
Travis County,48453,2019-03-31,362687.6711722172,mid
Travis County,48453,2019-04-30,363413.29523400264,mid
Travis County,48453,2019-05-31,364357.2415138201,mid
Travis County,48453,2019-06-30,365328.0169226969,mid
Travis County,48453,2019-07-31,366421.78848570463,mid
Travis County,48453,2019-08-31,367730.588050494,mid
Travis County,48453,2019-09-30,369408.4175667684,mid
Travis County,48453,2019-10-31,371648.3412659311,mid
Travis County,48453,2019-11-30,374211.93781611347,mid
Travis County,48453,2019-12-31,377066.99688384,mid
Travis County,48453,2020-01-31,380321.2514666669,mid
Travis County,48453,2020-02-29,383898.28965475544,mid
Travis County,48453,2020-03-31,387687.1081031826,mid
Travis County,48453,2020-04-30,390850.123155228,mid
Travis County,48453,2020-05-31,392556.99429605535,mid
Travis County,48453,2020-06-30,393313.1426063402,mid
Travis County,48453,2020-07-31,394576.1749390758,mid
Travis County,48453,2020-08-31,397955.3382496887,mid
Travis County,48453,2020-09-30,403698.0678994201,mid
Travis County,48453,2020-10-31,410642.94564350584,mid
Travis County,48453,2020-11-30,418504.11362708313,mid
Travis County,48453,2020-12-31,426670.5653999672,mid
Travis County,48453,2021-01-31,435570.9114563398,mid
Travis County,48453,2021-02-28,446157.7973785625,mid
Travis County,48453,2021-03-31,460502.9379923696,mid
Travis County,48453,2021-04-30,480040.38883544784,mid
Travis County,48453,2021-05-31,503535.2916348811,mid
Travis County,48453,2021-06-30,526447.592756602,mid
Travis County,48453,2021-07-31,543222.749248789,mid
Travis County,48453,2021-08-31,552019.808165267,mid
Travis County,48453,2021-09-30,554590.5383112676,mid
Travis County,48453,2021-10-31,555934.684515717,mid
Travis County,48453,2021-11-30,558866.8578524572,mid
Travis County,48453,2021-12-31,564359.8676362955,mid
Travis County,48453,2022-01-31,574488.2729761625,mid
Travis County,48453,2022-02-28,587973.7556139315,mid
Travis County,48453,2022-03-31,605332.1750917219,mid
Travis County,48453,2022-04-30,622318.6141343223,mid
Travis County,48453,2022-05-31,636690.2517276072,mid
Travis County,48453,2022-06-30,644900.5672610466,mid
Travis County,48453,2022-07-31,643665.0319318756,mid
Travis County,48453,2022-08-31,634567.4777576427,mid
Travis County,48453,2022-09-30,620836.7291984587,mid
Travis County,48453,2022-10-31,608515.1580581729,mid
Travis County,48453,2022-11-30,598247.5274985138,mid
Travis County,48453,2022-12-31,589411.5676141075,mid
Travis County,48453,2023-01-31,580203.777275018,mid
Travis County,48453,2023-02-28,571571.816301946,mid
Travis County,48453,2023-03-31,564121.9412631447,mid
Travis County,48453,2023-04-30,559177.6562678054,mid
Travis County,48453,2023-05-31,556238.250949998,mid
Travis County,48453,2023-06-30,554772.9908901504,mid
Travis County,48453,2023-07-31,553462.3285773126,mid
Travis County,48453,2023-08-31,552207.243950897,mid
Travis County,48453,2023-09-30,550404.6482572341,mid
Travis County,48453,2023-10-31,547500.256564366,mid
Travis County,48453,2023-11-30,543732.7793737561,mid
Travis County,48453,2023-12-31,539752.633320114,mid
Travis County,48453,2024-01-31,536794.8582284056,mid
Travis County,48453,2024-02-29,534618.0547928492,mid
Travis County,48453,2024-03-31,533784.9902589963,mid
Travis County,48453,2024-04-30,533444.9310183108,mid
Travis County,48453,2024-05-31,532507.1169295055,mid
Travis County,48453,2024-06-30,529991.9919583198,mid
Travis County,48453,2024-07-31,527135.0759880487,mid
Travis County,48453,2024-08-31,524656.9710297167,mid
Travis County,48453,2024-09-30,523782.1498430093,mid
Travis County,48453,2024-10-31,522819.3657546631,mid
Travis County,48453,2024-11-30,521270.98560208385,mid
Travis County,48453,2024-12-31,518425.0783640677,mid
Travis County,48453,2025-01-31,514896.3438977259,mid
Travis County,48453,2025-02-28,511497.6401114552,mid
Travis County,48453,2025-03-31,507609.53750853013,mid
Travis County,48453,2025-04-30,503685.1459222852,mid
Travis County,48453,2025-05-31,499146.4495678763,mid
Travis County,48453,2025-06-30,494425.473694313,mid
Travis County,48453,2025-07-31,490398.58198344754,mid
Travis County,48453,2025-08-31,488006.2586556903,mid
Travis County,48453,2025-09-30,486939.4060268556,mid
Travis County,48453,2025-10-31,486261.9340500385,mid
Travis County,48453,2025-11-30,485152.4920988867,mid
Travis County,48453,2025-12-31,483681.1514354458,mid
Travis County,48453,2026-01-31,481884.3174218142,mid
Travis County,48453,2026-02-28,479758.77570714225,mid
Travis County,48453,2026-03-31,477388.8955095737,mid
Williamson County,48491,2007-08-31,202437.28829466837,mid
Williamson County,48491,2007-09-30,202116.62927821188,mid
Williamson County,48491,2007-10-31,202020.2916391188,mid
Williamson County,48491,2007-11-30,202094.28617107004,mid
Williamson County,48491,2007-12-31,202518.49226878872,mid
Williamson County,48491,2008-01-31,203204.3388175565,mid
Williamson County,48491,2008-02-29,203496.66537512117,mid
Williamson County,48491,2008-03-31,203387.60477336703,mid
Williamson County,48491,2008-04-30,202979.05828976477,mid
Williamson County,48491,2008-05-31,202658.0020462653,mid
Williamson County,48491,2008-06-30,202498.00464300983,mid
Williamson County,48491,2008-07-31,202297.22641417623,mid
Williamson County,48491,2008-08-31,201760.2919513093,mid
Williamson County,48491,2008-09-30,200966.3934941131,mid
Williamson County,48491,2008-10-31,200254.18494039064,mid
Williamson County,48491,2008-11-30,199693.92065214025,mid
Williamson County,48491,2008-12-31,199329.30440931884,mid
Williamson County,48491,2009-01-31,198427.9957265339,mid
Williamson County,48491,2009-02-28,197500.3337556876,mid
Williamson County,48491,2009-03-31,196511.09014742353,mid
Williamson County,48491,2009-04-30,195829.40925900292,mid
Williamson County,48491,2009-05-31,195165.9321712245,mid
Williamson County,48491,2009-06-30,195284.10221377373,mid
Williamson County,48491,2009-07-31,195696.9874638204,mid
Williamson County,48491,2009-08-31,196452.7215911538,mid
Williamson County,48491,2009-09-30,196852.1774259292,mid
Williamson County,48491,2009-10-31,196799.9378914202,mid
Williamson County,48491,2009-11-30,196659.71517114967,mid
Williamson County,48491,2009-12-31,196132.30676376485,mid
Williamson County,48491,2010-01-31,195935.57198386,mid
Williamson County,48491,2010-02-28,195905.3169423827,mid
Williamson County,48491,2010-03-31,195838.5596880774,mid
Williamson County,48491,2010-04-30,195906.30594788128,mid
Williamson County,48491,2010-05-31,196178.38391804753,mid
Williamson County,48491,2010-06-30,196912.9404521671,mid
Williamson County,48491,2010-07-31,196755.2444586698,mid
Williamson County,48491,2010-08-31,195875.3971512621,mid
Williamson County,48491,2010-09-30,194341.4362195285,mid
Williamson County,48491,2010-10-31,192837.4359419235,mid
Williamson County,48491,2010-11-30,191588.6315183936,mid
Williamson County,48491,2010-12-31,190072.7140645782,mid
Williamson County,48491,2011-01-31,188794.42520719915,mid
Williamson County,48491,2011-02-28,186940.6515862785,mid
Williamson County,48491,2011-03-31,185926.19662026604,mid
Williamson County,48491,2011-04-30,185789.56042293215,mid
Williamson County,48491,2011-05-31,186346.0956147194,mid
Williamson County,48491,2011-06-30,186295.3427484707,mid
Williamson County,48491,2011-07-31,186384.5298785084,mid
Williamson County,48491,2011-08-31,186501.42486423193,mid
Williamson County,48491,2011-09-30,187072.34082994433,mid
Williamson County,48491,2011-10-31,187222.16872949284,mid
Williamson County,48491,2011-11-30,187078.42697555877,mid
Williamson County,48491,2011-12-31,187148.83549080224,mid
Williamson County,48491,2012-01-31,187642.21863158065,mid
Williamson County,48491,2012-02-29,188324.0332303435,mid
Williamson County,48491,2012-03-31,188752.4041534353,mid
Williamson County,48491,2012-04-30,188533.17234335217,mid
Williamson County,48491,2012-05-31,188519.37197152793,mid
Williamson County,48491,2012-06-30,188983.05001308725,mid
Williamson County,48491,2012-07-31,189830.5012423152,mid
Williamson County,48491,2012-08-31,190910.16941261676,mid
Williamson County,48491,2012-09-30,191918.0461560721,mid
Williamson County,48491,2012-10-31,192807.49249278553,mid
Williamson County,48491,2012-11-30,193563.95193648504,mid
Williamson County,48491,2012-12-31,194229.508411818,mid
Williamson County,48491,2013-01-31,195344.8339453291,mid
Williamson County,48491,2013-02-28,196816.5798899792,mid
Williamson County,48491,2013-03-31,198484.2781285922,mid
Williamson County,48491,2013-04-30,200012.02602429883,mid
Williamson County,48491,2013-05-31,201468.9954306299,mid
Williamson County,48491,2013-06-30,203236.8949869614,mid
Williamson County,48491,2013-07-31,205090.11278918097,mid
Williamson County,48491,2013-08-31,206990.3323799353,mid
Williamson County,48491,2013-09-30,208701.31406691577,mid
Williamson County,48491,2013-10-31,210088.94583092397,mid
Williamson County,48491,2013-11-30,211319.59377946425,mid
Williamson County,48491,2013-12-31,212630.30359724615,mid
Williamson County,48491,2014-01-31,214623.1560354569,mid
Williamson County,48491,2014-02-28,216833.10754834305,mid
Williamson County,48491,2014-03-31,219221.65262953975,mid
Williamson County,48491,2014-04-30,221416.78657039185,mid
Williamson County,48491,2014-05-31,223735.83076905095,mid
Williamson County,48491,2014-06-30,225992.20738641176,mid
Williamson County,48491,2014-07-31,228345.1343461472,mid
Williamson County,48491,2014-08-31,230598.9934742468,mid
Williamson County,48491,2014-09-30,232581.4641620326,mid
Williamson County,48491,2014-10-31,233915.1145061851,mid
Williamson County,48491,2014-11-30,235166.7496536955,mid
Williamson County,48491,2014-12-31,236570.184063096,mid
Williamson County,48491,2015-01-31,238730.58666231943,mid
Williamson County,48491,2015-02-28,241035.7692799679,mid
Williamson County,48491,2015-03-31,243417.06160949287,mid
Williamson County,48491,2015-04-30,245239.86000565,mid
Williamson County,48491,2015-05-31,246971.6475603664,mid
Williamson County,48491,2015-06-30,248615.98863861707,mid
Williamson County,48491,2015-07-31,250521.24755178732,mid
Williamson County,48491,2015-08-31,252359.08604773288,mid
Williamson County,48491,2015-09-30,254083.02495591145,mid
Williamson County,48491,2015-10-31,255379.1196719491,mid
Williamson County,48491,2015-11-30,256590.57165996428,mid
Williamson County,48491,2015-12-31,257702.06302583448,mid
Williamson County,48491,2016-01-31,259432.7237365552,mid
Williamson County,48491,2016-02-29,261223.81534547135,mid
Williamson County,48491,2016-03-31,262868.51152321225,mid
Williamson County,48491,2016-04-30,264054.1689933617,mid
Williamson County,48491,2016-05-31,265251.6514330791,mid
Williamson County,48491,2016-06-30,266603.6934178861,mid
Williamson County,48491,2016-07-31,268010.1587886549,mid
Williamson County,48491,2016-08-31,269285.71366128046,mid
Williamson County,48491,2016-09-30,270420.94473474723,mid
Williamson County,48491,2016-10-31,271594.70426158543,mid
Williamson County,48491,2016-11-30,272804.15871885634,mid
Williamson County,48491,2016-12-31,274182.2439185527,mid
Williamson County,48491,2017-01-31,275736.8698970994,mid
Williamson County,48491,2017-02-28,277238.96952414984,mid
Williamson County,48491,2017-03-31,278583.41126847896,mid
Williamson County,48491,2017-04-30,279614.29286039056,mid
Williamson County,48491,2017-05-31,280177.2960121755,mid
Williamson County,48491,2017-06-30,280550.6682357456,mid
Williamson County,48491,2017-07-31,280892.4118660691,mid
Williamson County,48491,2017-08-31,281504.9147099305,mid
Williamson County,48491,2017-09-30,282213.9861882694,mid
Williamson County,48491,2017-10-31,282842.7279431986,mid
Williamson County,48491,2017-11-30,283481.8407447978,mid
Williamson County,48491,2017-12-31,284257.80076773063,mid
Williamson County,48491,2018-01-31,285059.23215429095,mid
Williamson County,48491,2018-02-28,285881.9004338635,mid
Williamson County,48491,2018-03-31,286812.1104538366,mid
Williamson County,48491,2018-04-30,287574.4189719824,mid
Williamson County,48491,2018-05-31,288119.1838007575,mid
Williamson County,48491,2018-06-30,288434.0121026816,mid
Williamson County,48491,2018-07-31,289201.72289326676,mid
Williamson County,48491,2018-08-31,289959.9775749712,mid
Williamson County,48491,2018-09-30,290569.97784252296,mid
Williamson County,48491,2018-10-31,290784.58402033034,mid
Williamson County,48491,2018-11-30,290996.96168899344,mid
Williamson County,48491,2018-12-31,291405.9808488321,mid
Williamson County,48491,2019-01-31,291553.85317495675,mid
Williamson County,48491,2019-02-28,291676.2659221743,mid
Williamson County,48491,2019-03-31,291645.51035072363,mid
Williamson County,48491,2019-04-30,291757.3848719536,mid
Williamson County,48491,2019-05-31,291960.04461848055,mid
Williamson County,48491,2019-06-30,292373.5506805522,mid
Williamson County,48491,2019-07-31,292886.7626483911,mid
Williamson County,48491,2019-08-31,293639.0794874258,mid
Williamson County,48491,2019-09-30,294569.71649525134,mid
Williamson County,48491,2019-10-31,295999.3037499394,mid
Williamson County,48491,2019-11-30,297807.33030414366,mid
Williamson County,48491,2019-12-31,299756.6936564639,mid
Williamson County,48491,2020-01-31,301912.4136988356,mid
Williamson County,48491,2020-02-29,303957.00303276844,mid
Williamson County,48491,2020-03-31,306025.0326981227,mid
Williamson County,48491,2020-04-30,307655.7016031037,mid
Williamson County,48491,2020-05-31,308725.48181842227,mid
Williamson County,48491,2020-06-30,309628.5625199234,mid
Williamson County,48491,2020-07-31,311088.95056876383,mid
Williamson County,48491,2020-08-31,313517.84098198736,mid
Williamson County,48491,2020-09-30,317341.86234710016,mid
Williamson County,48491,2020-10-31,322076.8137389852,mid
Williamson County,48491,2020-11-30,327731.7648644094,mid
Williamson County,48491,2020-12-31,333638.3985316571,mid
Williamson County,48491,2021-01-31,340179.1734920283,mid
Williamson County,48491,2021-02-28,348229.918107258,mid
Williamson County,48491,2021-03-31,360055.71255046345,mid
Williamson County,48491,2021-06-30,420591.69259085576,mid
Williamson County,48491,2021-07-31,437209.10882442753,mid
Williamson County,48491,2021-08-31,447475.2370935872,mid
Williamson County,48491,2021-09-30,452557.60522244097,mid
Williamson County,48491,2021-10-31,456344.9384527447,mid
Williamson County,48491,2021-11-30,460640.1556941756,mid
Williamson County,48491,2021-12-31,466518.1252543186,mid
Williamson County,48491,2022-01-31,475625.6259048531,mid
Williamson County,48491,2022-02-28,487449.2873775567,mid
Williamson County,48491,2022-03-31,501900.29868784314,mid
Williamson County,48491,2022-04-30,516291.06827843125,mid
Williamson County,48491,2022-05-31,528290.5518743006,mid
Williamson County,48491,2022-06-30,535502.066298123,mid
Williamson County,48491,2022-07-31,534558.8437340908,mid
Williamson County,48491,2022-08-31,526908.3746947336,mid
Williamson County,48491,2022-09-30,515172.1762838437,mid
Williamson County,48491,2022-10-31,504037.6157071567,mid
Williamson County,48491,2022-11-30,494030.4557739028,mid
Williamson County,48491,2022-12-31,484879.7450791228,mid
Williamson County,48491,2023-01-31,477067.9327691753,mid
Williamson County,48491,2023-02-28,470366.83339127013,mid
Williamson County,48491,2023-03-31,465509.337675632,mid
Williamson County,48491,2023-04-30,461445.5045524162,mid
Williamson County,48491,2023-05-31,459489.734618729,mid
Williamson County,48491,2023-06-30,458880.75427816855,mid
Williamson County,48491,2023-07-31,458263.91328464093,mid
Williamson County,48491,2023-08-31,456644.88494662935,mid
Williamson County,48491,2023-09-30,453878.95338141173,mid
Williamson County,48491,2023-10-31,451055.97224942007,mid
Williamson County,48491,2023-11-30,448171.2284938683,mid
Williamson County,48491,2023-12-31,445472.47873378405,mid
Williamson County,48491,2024-01-31,443133.2677723603,mid
Williamson County,48491,2024-02-29,441807.3290469392,mid
Williamson County,48491,2024-03-31,441725.6508985811,mid
Williamson County,48491,2024-04-30,442320.43414051767,mid
Williamson County,48491,2024-05-31,442157.35793631617,mid
Williamson County,48491,2024-06-30,440901.3946010154,mid
Williamson County,48491,2024-07-31,439044.63415124686,mid
Williamson County,48491,2024-08-31,437367.6408158541,mid
Williamson County,48491,2024-09-30,436094.3964795559,mid
Williamson County,48491,2024-10-31,435096.4481566511,mid
Williamson County,48491,2024-11-30,434288.48650884855,mid
Williamson County,48491,2024-12-31,433317.33597254055,mid
Williamson County,48491,2025-01-31,432110.73813564045,mid
Williamson County,48491,2025-02-28,430752.66863324353,mid
Williamson County,48491,2025-03-31,429160.2667375174,mid
Williamson County,48491,2025-04-30,427429.7180693526,mid
Williamson County,48491,2025-05-31,425241.8817727789,mid
Williamson County,48491,2025-06-30,422559.5804194655,mid
Williamson County,48491,2025-07-31,419453.3895743242,mid
Williamson County,48491,2025-08-31,416865.9851465544,mid
Williamson County,48491,2025-09-30,415131.2545695356,mid
Williamson County,48491,2025-10-31,413814.58650691016,mid
Williamson County,48491,2025-11-30,412310.49233589903,mid
Williamson County,48491,2025-12-31,410603.4807495775,mid
Williamson County,48491,2026-01-31,408646.4941432372,mid
Williamson County,48491,2026-02-28,406749.3044259677,mid
Williamson County,48491,2026-03-31,404054.1299720264,mid
